{
    "tracker_default": {
        "type": "container",
        "content": {
            "type": "dock",
            "dropshadow": false,
            "content": [
                {
                    "type": "dock",
                    "dock": "bottom",
                    "v_alignment": "stretch",
                    "content": [
                        {
                            "type": "group",
                            "header": "",
                            "dock": "left",
                            "content": {
                                "type": "layout",
                                "key": "tracker_items"
                            },
                            "header_content": {
                                "type": "button_popup",
                                "style": "settings",
                                "popup_background": "#739300",
                                "layout": "settings_popup"
                            }
                        }
                    ]
                }
			]
        }
    }
}